qid;query
1;wind woodwind accessories
2;stands
3;musical instruments
4;mouth harps
5;instrument accessories
6;wind woodwinds
7;band orchestra
8;ukuleles
9;guitar bass accessories
10;strings
11;bridges bridge parts
12;electric guitar parts
13;electronic keyboards
14;keyboards midi
15;reeds
16;clarinet
17;ukuleles mandolins amp banjos
18;mini headphone amps
19;electric guitar amplifiers
20;stage studio cables
21;acoustic guitar stands
22;guitar bass amplifiers
23;folk world instrument accessories
24;keyboard accessories
25;beginner kits
26;bass guitars
27;electric guitars
28;portable keyboards
29;accessories
30;flutes
31;electric guitar strings
32;drums percussion
33;general accessories
34;acoustic amp classical guitar parts
35;drums amp percussion
36;ukulele accessories
37;tuners
38;capos
39;pickups pickup covers
40;picks pick holders
41;picks
42;guitars
43;acoustic guitars
44;microphones accessories
45;drum percussion accessories
46;mixers
47;violin
48;hand percussion
49;benches
50;wind woodwind instruments
51;bongo accessories
52;tambourines
53;ukuleles mandolins banjos
54;latin percussion
55;folk world
56;pedals footswitches
57;concert percussion
58;microphones amp accessories
59;live sound stage
60;microphone cables
61;windscreens pop filters
62;banjo accessories
63;microphones
64;wireless microphones systems
65;straps
66;dynamic microphones
67;cleaning amp care
68;orchestral strings accessories
69;tools
70;guitar amp bass accessories
71;sheet music stands
72;straps amp strap locks
73;studio recording equipment
74;preamps
75;amplifiers effects
76;bass guitar parts
77;folk amp world
78;saxophone
79;bamboo flutes
80;whistles
81;acoustic classical guitar parts
82;straps strap locks
83;midi controllers
84;headphone in ear audio monitors
85;condenser microphones
86;pick holders
87;bags cases
88;bass guitar strings
89;multiple guitar stands
90;instrument cables
91;amplifier accessories
92;computer recording
93;cleaning care
94;steel string acoustics
95;bridge parts
96;acoustic guitar strings
97;electronic music dj karaoke
98;solid body
99;stringed instruments
100;harmonicas
101;slides
102;drum set accessories
103;amplifiers amp effects
104;distortion overdrive
105;single effects
106;electric guitar effects
107;wah filter
108;guitar effects
109;strap locks
110;acoustic classical guitar bags cases
111;turntable cartridges
112;stand lights
113;bags cases covers
114;chorus flange tremolo
115;electric guitar stands
116;studio environment
117;live sound amp stage
118;portable recorders
119;stage amp studio cables
120;mounts
121;metronomes
122;brushes
123;drumsticks mallets amp brushes
124;folk amp world instrument accessories
125;hi hat
126;cymbals
127;drum sets set components
128;drumsticks mallets brushes
129;drum accessories
130;vocal
131;mixers accessories
132;drum amp percussion accessories
133;violins
134;maracas shakers
135;monitors speakers amp subwoofers
136;pedals amp footswitches
137;effects processors
138;combo amps
139;unpowered
140;speakers
141;cello
142;powered cabinets
143;stage lights
144;monitors speakers subwoofers
145;midi interfaces
146;harps
147;bags cases amp covers
148;wind amp woodwind accessories
149;mouthpieces
150;power supplies
151;lighting equipment accessories
152;orchestral strings
153;tenor sax
154;wind amp woodwind instruments
155;floor multieffects
156;brass accessories
157;dj equipment
158;multipurpose
159;laser strobe effects
160;alto sax
161;production stations
162;headphones
163;audio interfaces
164;keyboards amp midi
165;drumsticks
166;tom drumheads
167;china effect
168;midi cables
169;signal path pedal tuners
170;electronic music
171;studio monitors
172;drums
173;concert bass drums
174;hardware
175;wind amp woodwinds
176;distortion amp overdrive
177;recorders
178;instrument
179;drum set bags cases amp covers
180;band amp orchestra
181;bongos
182;folk world hand drums
183;claves
184;triangles
185;doumbeks amp darbukas
186;cajons
187;tuning
188;drum sets amp set components
189;synthesizers workstations
190;pedalboards
191;pick guards
192;acoustic violins
193;rosin
194;classical nylon string guitars
195;picks amp pick holders
196;mastering recorders
197;crash
198;bass drum pedals
199;mallets
200;powered mixers
201;electric basses
202;electronic music dj amp karaoke
203;classical guitar strings
204;acoustic electric guitars
205;mandolins
206;electric guitar bags cases
207;racks
208;equalization
209;power conditioners
210;electronic drum accessories
211;tubes
212;signal processors
213;tuning pegs
214;bass drum stands
215;bass guitar amplifiers
216;cabinets
217;mounting hardware
218;snare drums
219;drumheads
220;boom
221;wood blocks
222;pa systems
223;stick mallet bags cases
224;snare drumheads
225;acoustical treatments
226;amp semi hollow body
227;electronic drums
228;stage speaker stands
229;digital audio workstation controllers
230;endpin rests
231;saddles
232;parts
233;mandolin accessories
234;saxophones
235;power amplifiers
236;wireless microphone transmitters receivers
237;footswitches controllers
238;practice pads devices
239;cymbal accessories
240;stage monitors
241;acoustic guitar amplifiers preamps
242;amplifiers
243;wah amp filter
244;clips
245;digital pianos
246;software
247;equalizers feedback controllers
248;direct boxes
249;windscreens amp pop filters
250;shakers
251;drum set bags cases covers
252;upright bass
253;variety packs
254;special effects
255;nuts
256;multieffects
257;home digital pianos
258;knobs
259;exciters enhancers
260;multitrack recorders
261;bass guitar effects
262;recording snakes
263;acoustic classical guitar bags amp cases
264;patch cables
265;compressors limiters amp gates
266;mounting arms
267;digital
268;earphones
269;oboe
270;karaoke equipment
271;ligatures
272;drum keys wrenches
273;trumpets
274;volume expression
275;maracas
276;delay reverb
277;semi hollow body
278;dj controllers
279;drum sets
280;bags amp cases
281;pitch octave
282;racks stands
283;loopers samplers
284;recording
285;exciters amp enhancers
286;digital reverb delay
287;singing bowls
288;rack accessories
289;footswitches
290;fog machines
291;vocal effects processors
292;turntables
293;desktop rack multieffects
294;tabletop synthesizers
295;acoustic guitar effects
296;wireless lavalier microphones
297;music creation sequencing
298;synthesizers amp workstations
299;lighting accessories
300;guitar amp bass amplifiers
301;noise gates
302;ribbon microphones
303;necks
304;cd recorders duplicators
305;heads
306;electronics
307;stage subwoofers
308;handheld wireless microphones
309;percussion mounts
310;electronic pads
311;converters
312;lighting equipment amp accessories
313;strobe effects
314;bass drums
315;clamps
316;stage laser lights
317;standard
318;jingle bells
319;multieffects processors
320;speaker cables
321;pickups amp pickup covers
322;keyboard amplifiers
323;mixers amp accessories
324;compression
325;drum machines
326;trombones
327;fifes
328;sound effects
329;phantom power supplies
330;bodhrans amp frame drums
331;compressors limiters gates
332;virtual instruments
333;bass guitar bags amp cases
334;unpowered cabinets
335;thumb pianos
336;footstools
337;bows
338;replacement cartridge needles
339;amp bridge parts
340;straight
341;electric violins
342;projection effects
343;string winders
344;stands hangers
345;tuning machines
346;bass guitar bags cases
347;practice pads amp devices
348;lap pedal steel guitars
349;chorus flange amp tremolo
350;djembes
351;splash
352;maracas amp shakers
353;monitor speaker subwoofer parts
354;portable systems
355;mutes
356;laser amp strobe effects
357;congas
358;banjos
359;music wire
360;gels
361;heavy duty metal connectors
362;mirror balls
363;ocarinas
364;acoustic electric basses
365;cowbells
366;studio subwoofers
367;wood inlay material
368;ride
369;acoustic guitar amplifiers amp preamps
370;bass drumheads
371;wireless microphones amp systems
372;slipmats
373;a b boxes
374;bass drum bags cases covers
375;brass
376;bodies
377;hand bells chimes
378;chimes
379;xylophones
380;bodhrans frame drums
381;dj headphones
382;guiros
383;multiple disc
384;dulcimer accessories
385;frets
386;resonators
387;instrument wireless microphones
388;headphone amp in ear audio monitors
389;quintos
390;washboards
391;cd players
392;sheet music folders
393;trumpet
394;delay amp reverb
395;percussion holders tables
396;congas quintos tumbas
397;systems
398;clarinets
399;equalizers amp feedback controllers
400;volume amp expression
401;shoulder chin rests
402;flute
403;didgeridoos
404;fashionable colors
405;bells chimes
406;electric guitar bags amp cases
407;thought provoking christian messages
408;kazoos
409;accordion accessories
410;concert snare drums
411;dulcimers
412;strong dual webbed design with wrap thickly padded adjustable backpack straps rear quick grab carry handle
413;rugged d nylon exterior with reinforced stitching and long lasting custom molded zippers
414;roomy gusseted exterior pockets built in organizer with two interior sleeves to hold pens keys and small accessories
415;wireless headset microphones
416;stick mallet bags amp cases
417;melodicas
418;trendy design
419;acoustic violas
420;tailpieces
421;stands amp hangers
422;soprano sax
423;roto toms
424;footswitches amp controllers
425;loopers amp samplers
426;shoulder amp chin rests
427;glockenspiels
428;snare drum stands
429;bubble machines
430;home system packages
431;bridges amp bridge parts
432;monitor speaker amp subwoofer parts
433;baritone sax
434;organ accessories
435;folk amp world hand drums
436;talking drums
437;mounted tambourines
438;darbukas
439;doumbeks
440;viola
441;cellos
442;tom toms
443;bells amp chimes
444;flute piccolo
445;signal path amp pedal tuners
446;combo decks
447;santoors
448;triggers
449;tom stands
450;violas
451;accordions
452;flutes amp piccolos
453;timbales
454;players
455;cabasas
456;acoustic cellos
457;d a converters
458;finger cymbals
459;shielded and extremely flexible cable
460;sound editing
461;controllers
462;mounted toms
463;hand bells amp chimes
464;midi
465;stage digital pianos
466;conch shells
467;furniture
468;doumbeks darbukas
469;flutes piccolos
470;autoharps
471;agogo bells
472;zurnas
473;roomy exterior pockets
474;soft nylon lining
475;conducting
476;cable ft long each
477;autoharp accessories
478;audio samplers
479;all kerusso products are shipped from usa
480;looping remixing
481;electronic drum amps
482;stands racks
483;cotton canvas
484;sound modules
485;shielded and balanced y cables
486;duplicators
487;single disc
488;rugged nylon exterior
489;pocket
490;dj sets
491;mm padding
492;cymbal stackers
